id,first_name,last_name,gender
1,Patrick,Shaw,Male
2,Joshua,Thompson,Male
3,Laura,Webb,Female
4,Eugene,Reynolds,Male
5,Brian,Nguyen,Male
6,Judy,Long,Female
7,Howard,Frazier,Male
8,Stephanie,Gordon,Female
9,Sharon,Wells,Female
10,Diane,Wells,Female
11,Catherine,Foster,Female
12,Gerald,King,Male
13,Bonnie,Gray,Female
14,Albert,Rose,Male
15,Bruce,Burton,Male
16,Martin,King,Male
17,Marie,Nelson,Female
18,Louise,Bell,Female
19,Rose,Mcdonald,Female
20,Louis,Ramos,Male
21,Rose,Hamilton,Female
22,Craig,Castillo,Male
23,Lisa,Little,Female
24,Evelyn,Perry,Female
25,Philip,Hamilton,Male
26,Emily,Andrews,Female
27,Fred,Harvey,Male
28,Barbara,Wells,Female
29,Kelly,Cox,Female
30,Mildred,Carter,Female
31,Jacqueline,Nguyen,Female
32,Elizabeth,Hill,Female
33,Jose,Bell,Male
34,Ruby,Powell,Female
35,Patrick,Andrews,Male
36,Louise,Cole,Female
37,Ruth,Griffin,Female
38,Kathleen,Jordan,Female
39,Mildred,Hill,Female
40,Margaret,Peters,Female
41,Robin,Sims,Female
42,Melissa,Grant,Female
43,Ralph,Hall,Male
44,Alan,Schmidt,Male
45,Rebecca,Carpenter,Female
46,Harry,Tucker,Male
47,Brian,Lewis,Male
48,Richard,Clark,Male
49,Gerald,Mendoza,Male
50,Jennifer,Nguyen,Female
51,Roy,Ross,Male
52,Douglas,James,Male
53,Stephanie,Gibson,Female
54,Lillian,Butler,Female
55,Steven,Kennedy,Male
56,Dorothy,Bishop,Female
57,David,Oliver,Male
58,Roger,Moore,Male
59,Brian,Watson,Male
60,Ralph,Lane,Male
61,Scott,Rose,Male
62,Brenda,Castillo,Female
63,Douglas,Butler,Male
64,Debra,Rogers,Female
65,Harold,Collins,Male
66,Paul,Martinez,Male
67,Donald,Duncan,Male
68,Ruth,Hanson,Female
69,Nancy,Stewart,Female
70,Philip,Gray,Male
71,Thomas,Lawson,Male
72,Carlos,Jordan,Male
73,Frank,Brooks,Male
74,Jeffrey,Walker,Male
75,Jason,Richards,Male
76,Juan,Simpson,Male
77,Fred,Kelly,Male
78,Diana,Williamson,Female
79,Howard,Knight,Male
80,Joe,Schmidt,Male
81,Donna,Nguyen,Female
82,Harry,Ramirez,Male
83,Gary,White,Male
84,Carol,Reed,Female
85,Samuel,Harris,Male
86,Robert,Rice,Male
87,Arthur,White,Male
88,Sean,Perry,Male
89,Phyllis,Butler,Female
90,Doris,Dixon,Female
91,Andrea,Powell,Female
92,Harold,Cole,Male
93,Rose,West,Female
94,Diane,Weaver,Female
95,Jerry,Mills,Male
96,Justin,Ryan,Male
97,Jean,Mendoza,Female
98,Bobby,Williams,Male
99,Adam,Mills,Male
100,Elizabeth,Powell,Female
101,Virginia,Cole,Female
102,Arthur,Allen,Male
103,Juan,Gonzalez,Male
104,Randy,Chapman,Male
105,Joan,Day,Female
106,Julie,Wells,Female
107,Marie,Butler,Female
108,Nicholas,Greene,Male
109,Ruby,Sullivan,Female
110,Joe,Simmons,Male
111,Jeffrey,Reynolds,Male
112,Donald,Ray,Male
113,Chris,Peters,Male
114,Ashley,Harrison,Female
115,Juan,Peterson,Male
116,Philip,Armstrong,Male
117,Terry,Fowler,Male
118,Robert,Carter,Male
119,Frank,Peters,Male
120,Jennifer,Fisher,Female
121,Betty,Graham,Female
122,Julia,Powell,Female
123,Gerald,Ross,Male
124,Randy,Franklin,Male
125,Kathleen,Lawrence,Female
126,Susan,Lewis,Female
127,Jennifer,Wallace,Female
128,Kathryn,Alexander,Female
129,Philip,Jordan,Male
130,Carl,Howard,Male
131,Craig,Frazier,Male
132,Patricia,Olson,Female
133,Helen,Flores,Female
134,Kelly,Perkins,Female
135,Louise,King,Female
136,Fred,Perkins,Male
137,Janet,Bennett,Female
138,Phillip,Ross,Male
139,Michael,Cole,Male
140,Christine,Martinez,Female
141,Shawn,Schmidt,Male
142,Philip,Dean,Male
143,Rachel,Wilson,Female
144,Jason,Howard,Male
145,Jason,Wilson,Male
146,Terry,Mitchell,Male
147,Phillip,Allen,Male
148,Nicole,Hunt,Female
149,Eugene,Banks,Male
150,Julie,Bradley,Female
151,Scott,Hall,Male
152,Diane,Fisher,Female
153,Dennis,Dunn,Male
154,Diane,Spencer,Female
155,Thomas,Palmer,Male
156,Sara,Grant,Female
157,Jose,Brooks,Male
158,Carlos,Jacobs,Male
159,Chris,Greene,Male
160,Louis,Dunn,Male
161,Lawrence,Day,Male
162,Donald,Cole,Male
163,Martha,Green,Female
164,Aaron,Harper,Male
165,Joyce,Day,Female
166,Ruth,Morrison,Female
167,Andrea,Graham,Female
168,Lillian,Watkins,Female
169,Margaret,Vasquez,Female
170,Louise,Moore,Female
171,Jason,Patterson,Male
172,Christopher,Roberts,Male
173,Annie,Lane,Female
174,Arthur,Sanders,Male
175,Phyllis,Jackson,Female
176,Doris,Patterson,Female
177,Jessica,Ramos,Female
178,Victor,Henry,Male
179,Harry,Frazier,Male
180,Kimberly,Snyder,Female
181,Carolyn,Gonzalez,Female
182,Janet,Williams,Female
183,Emily,Montgomery,Female
184,Kevin,Daniels,Male
185,Ann,Welch,Female
186,Ernest,Burns,Male
187,Evelyn,Bishop,Female
188,Kevin,Gonzalez,Male
189,Steven,Fernandez,Male
190,Diane,Lawson,Female
191,Robin,Duncan,Female
192,Jimmy,Perry,Male
193,Eric,Reid,Male
194,Louise,Oliver,Female
195,Justin,Cox,Male
196,Gregory,Spencer,Male
197,Melissa,Austin,Female
198,Joyce,Riley,Female
199,Sandra,Tucker,Female
200,Johnny,Austin,Male
201,Samuel,Kim,Male
202,Anthony,Washington,Male
203,Jean,Watkins,Female
204,Theresa,Harper,Female
205,Douglas,Reynolds,Male
206,Joshua,Cooper,Male
207,Stephen,Alexander,Male
208,Ashley,Collins,Female
209,Steve,Myers,Male
210,Julia,Fisher,Female
211,Charles,Sanchez,Male
212,Martin,Morris,Male
213,Stephanie,Ramirez,Female
214,Susan,Hawkins,Female
215,Diane,Gonzales,Female
216,Wanda,Olson,Female
217,Lori,Myers,Female
218,Harold,Schmidt,Male
219,Carol,Garza,Female
220,George,Moore,Male
221,Theresa,Ryan,Female
222,Steve,Gilbert,Male
223,Craig,Hernandez,Male
224,Carol,Lawrence,Female
225,Elizabeth,Carroll,Female
226,Gerald,Peterson,Male
227,Diana,Franklin,Female
228,Terry,Lynch,Male
229,Carolyn,Alexander,Female
230,Howard,Porter,Male
231,Kimberly,Hudson,Female
232,Gerald,Fox,Male
233,Lois,Burton,Female
234,Donald,Gibson,Male
235,Ryan,Welch,Male
236,Patrick,Clark,Male
237,Peter,Castillo,Male
238,Jonathan,Riley,Male
239,Margaret,Torres,Female
240,Timothy,Woods,Male
241,Jose,Gordon,Male
242,William,Mcdonald,Male
243,Todd,Porter,Male
244,Edward,Matthews,Male
245,Doris,Martin,Female
246,Edward,Ortiz,Male
247,Sharon,Rose,Female
248,Norma,Gilbert,Female
249,Lois,Sullivan,Female
250,Bruce,Welch,Male
251,Christina,Ross,Female
252,Cynthia,Fowler,Female
253,Janet,Ward,Female
254,Christina,Schmidt,Female
255,Craig,Gonzales,Male
256,John,Reynolds,Male
257,Norma,Cunningham,Female
258,Joseph,Butler,Male
259,Ruth,Taylor,Female
260,John,Freeman,Male
261,Jack,Riley,Male
262,Victor,Hanson,Male
263,Antonio,Hunter,Male
264,Philip,Sullivan,Male
265,Wanda,White,Female
266,Samuel,Rivera,Male
267,Shirley,Powell,Female
268,Shirley,Watkins,Female
269,Harold,Mccoy,Male
270,Melissa,Daniels,Female
271,Johnny,Duncan,Male
272,Marilyn,Moreno,Female
273,Adam,Wilson,Male
274,Laura,Harper,Female
275,Catherine,Barnes,Female
276,Donald,Williamson,Male
277,Louis,Carpenter,Male
278,Billy,Sanders,Male
279,Randy,Wheeler,Male
280,Clarence,Bradley,Male
281,Dennis,Spencer,Male
282,Denise,Gray,Female
283,Linda,Jenkins,Female
284,Virginia,Gonzalez,Female
285,Howard,Elliott,Male
286,Donald,Reyes,Male
287,Sean,Barnes,Male
288,Chris,Cunningham,Male
289,Rose,Garza,Female
290,Stephen,Cruz,Male
291,Samuel,Jacobs,Male
292,Mary,Henderson,Female
293,Phyllis,Miller,Female
294,Alice,Ferguson,Female
295,Shawn,Freeman,Male
296,Cynthia,Wright,Female
297,Norma,Adams,Female
298,Terry,Bennett,Male
299,Evelyn,Henry,Female
300,Sarah,Freeman,Female
301,Timothy,Carpenter,Male
302,Sandra,Phillips,Female
303,Maria,Washington,Female
304,Kathryn,Stewart,Female
305,Jesse,Cruz,Male
306,Carolyn,Little,Female
307,Chris,Frazier,Male
308,Edward,Fisher,Male
309,Elizabeth,Hunt,Female
310,Harry,Greene,Male
311,Robert,Adams,Male
312,Frank,Nelson,Male
313,Evelyn,Reid,Female
314,Steve,Grant,Male
315,Anne,Spencer,Female
316,Timothy,Hanson,Male
317,Jane,Jenkins,Female
318,Laura,Bailey,Female
319,Stephen,Miller,Male
320,Melissa,Ross,Female
321,Richard,Simmons,Male
322,Amy,Gardner,Female
323,Joshua,Gray,Male
324,Martin,Moreno,Male
325,Anna,Mills,Female
326,Eugene,Porter,Male
327,Lois,Hansen,Female
328,Cynthia,George,Female
329,Kathy,Burke,Female
330,John,Riley,Male
331,Jessica,Fowler,Female
332,Martha,Johnston,Female
333,Heather,Hamilton,Female
334,Sarah,Harper,Female
335,Amanda,Jackson,Female
336,Mildred,Bryant,Female
337,Craig,Stanley,Male
338,Clarence,Arnold,Male
339,Charles,Wheeler,Male
340,Jerry,Myers,Male
341,Alan,Lee,Male
342,Brenda,Bennett,Female
343,Anthony,Mcdonald,Male
344,Anna,Jordan,Female
345,Frances,Black,Female
346,Betty,Kelley,Female
347,Kimberly,Dixon,Female
348,Rachel,Vasquez,Female
349,Dorothy,Hill,Female
350,Jimmy,Perry,Male
351,Steve,Ward,Male
352,Mildred,Nichols,Female
353,Jane,Perez,Female
354,Kelly,Gray,Female
355,Lawrence,Ortiz,Male
356,Billy,Gomez,Male
357,Bonnie,Frazier,Female
358,Cheryl,Collins,Female
359,Jennifer,Lee,Female
360,Earl,Sanders,Male
361,Jose,Fisher,Male
362,Joe,Burke,Male
363,Steve,Owens,Male
364,Alice,Sullivan,Female
365,Ann,Gilbert,Female
366,Kathy,Williamson,Female
367,Mark,Robinson,Male
368,Gary,Perez,Male
369,Anna,Hicks,Female
370,Brenda,Crawford,Female
371,Edward,Lawrence,Male
372,Alan,Simpson,Male
373,Ruby,Davis,Female
374,Lawrence,Matthews,Male
375,Doris,Austin,Female
376,Brenda,Harvey,Female
377,Anthony,Murray,Male
378,Debra,Robinson,Female
379,Juan,Black,Male
380,Rose,Olson,Female
381,Ruth,Franklin,Female
382,Stephanie,Black,Female
383,Victor,Hunt,Male
384,Aaron,Simpson,Male
385,Kimberly,Wilson,Female
386,Sean,Campbell,Male
387,Todd,Holmes,Male
388,Judy,Vasquez,Female
389,Phyllis,Murphy,Female
390,Susan,Mills,Female
391,Willie,Cox,Male
392,Rose,Arnold,Female
393,Jennifer,Hall,Female
394,Randy,Nelson,Male
395,Charles,Flores,Male
396,Harold,Reyes,Male
397,Steven,Diaz,Male
398,Judy,Baker,Female
399,Judith,Kelly,Female
400,Judith,Evans,Female
401,Kimberly,Howell,Female
402,Louis,Stone,Male
403,Lisa,Johnson,Female
404,Charles,Pierce,Male
405,Jacqueline,Wilson,Female
406,Martin,Lane,Male
407,Anna,Lynch,Female
408,Carolyn,Coleman,Female
409,Matthew,Hayes,Male
410,Betty,Fuller,Female
411,Jane,Richards,Female
412,Mark,Harvey,Male
413,Donald,Moreno,Male
414,Kevin,Black,Male
415,Albert,Franklin,Male
416,Amy,Rodriguez,Female
417,Tina,Parker,Female
418,Kelly,Snyder,Female
419,Scott,Mendoza,Male
420,Bonnie,Webb,Female
421,Janice,Jordan,Female
422,Helen,Smith,Female
423,Thomas,Clark,Male
424,Roy,Gutierrez,Male
425,Russell,Carter,Male
426,Matthew,Ray,Male
427,Randy,Perry,Male
428,Sarah,Garcia,Female
429,George,Diaz,Male
430,George,Welch,Male
431,Frances,Stephens,Female
432,Margaret,Bishop,Female
433,Douglas,Thomas,Male
434,Michael,Marshall,Male
435,Martin,Williamson,Male
436,Debra,Henderson,Female
437,Jane,Webb,Female
438,Joshua,Anderson,Male
439,Bonnie,Hanson,Female
440,Lori,Howard,Female
441,Howard,Bennett,Male
442,Andrew,Harvey,Male
443,Timothy,Davis,Male
444,Heather,Matthews,Female
445,Lillian,Hughes,Female
446,Barbara,Ward,Female
447,Harry,Gutierrez,Male
448,William,Green,Male
449,Patricia,Mcdonald,Female
450,Theresa,Fisher,Female
451,Ernest,Hansen,Male
452,Theresa,Flores,Female
453,Paula,Gutierrez,Female
454,Jennifer,Wallace,Female
455,Carl,Stewart,Male
456,Ashley,Grant,Female
457,Jesse,Kelly,Male
458,Stephen,Lane,Male
459,Brenda,Medina,Female
460,Karen,Moore,Female
461,Daniel,Graham,Male
462,Debra,Williams,Female
463,Rachel,Fowler,Female
464,Jeremy,Matthews,Male
465,Louise,Simpson,Female
466,Roger,Carpenter,Male
467,Arthur,Parker,Male
468,Scott,Price,Male
469,Terry,Olson,Male
470,Diane,Montgomery,Female
471,Ruby,Adams,Female
472,Kimberly,Little,Female
473,Jennifer,Miller,Female
474,Samuel,Warren,Male
475,Susan,Nelson,Female
476,Steve,Harrison,Male
477,Bruce,Perkins,Male
478,Laura,Howell,Female
479,Joan,Sims,Female
480,Philip,Murphy,Male
481,Antonio,Carter,Male
482,Antonio,Alvarez,Male
483,Amanda,Castillo,Female
484,Frank,Reed,Male
485,Evelyn,Fowler,Female
486,Justin,Ross,Male
487,Ashley,Morales,Female
488,Eugene,Hernandez,Male
489,Alan,Cole,Male
490,Adam,Lynch,Male
491,Annie,Cooper,Female
492,Clarence,Wagner,Male
493,Theresa,Ramos,Female
494,Russell,Peters,Male
495,Ernest,Fuller,Male
496,Margaret,Gomez,Female
497,Harry,Kelley,Male
498,Lisa,Morales,Female
499,Joe,Cunningham,Male
500,Deborah,Hughes,Female
501,Catherine,Hudson,Female
502,Charles,Burke,Male
503,Susan,Gonzalez,Female
504,Helen,Harvey,Female
505,Kathryn,Boyd,Female
506,Craig,George,Male
507,Judy,Sims,Female
508,Diane,White,Female
509,Robert,George,Male
510,Pamela,Ward,Female
511,Jessica,Mendoza,Female
512,Brandon,Adams,Male
513,Lisa,Sims,Female
514,Beverly,Diaz,Female
515,Peter,Campbell,Male
516,Cheryl,Russell,Female
517,Antonio,Cooper,Male
518,Andrea,Rice,Female
519,Judith,West,Female
520,Patricia,Butler,Female
521,Patrick,Miller,Male
522,Jennifer,Little,Female
523,Sean,Duncan,Male
524,Aaron,Hudson,Male
525,Annie,Simmons,Female
526,Cynthia,Jenkins,Female
527,Jose,Sullivan,Male
528,Kenneth,Crawford,Male
529,Rebecca,Clark,Female
530,Wanda,Alvarez,Female
531,William,Holmes,Male
532,Henry,Armstrong,Male
533,Barbara,Tucker,Female
534,Christina,Carter,Female
535,Robert,Ortiz,Male
536,Virginia,Wallace,Female
537,Juan,Flores,Male
538,Janice,Holmes,Female
539,Lois,Lynch,Female
540,Nicole,Freeman,Female
541,Matthew,Palmer,Male
542,Carlos,Tucker,Male
543,Gary,Henry,Male
544,Robert,Gutierrez,Male
545,Ronald,Morales,Male
546,Jean,Fowler,Female
547,Marilyn,Rodriguez,Female
548,Ernest,Stewart,Male
549,William,Turner,Male
550,Phyllis,Watkins,Female
551,Randy,Bryant,Male
552,Nicholas,Richardson,Male
553,Gregory,Wallace,Male
554,Annie,Franklin,Female
555,Wayne,Kim,Male
556,Terry,Parker,Male
557,Thomas,Peterson,Male
558,Roy,Ellis,Male
559,Lawrence,Vasquez,Male
560,Anne,Nichols,Female
561,Joshua,Peters,Male
562,Marie,Garza,Female
563,Timothy,Fernandez,Male
564,Heather,Myers,Female
565,Lillian,Willis,Female
566,Richard,Peterson,Male
567,Jimmy,Perkins,Male
568,Timothy,Brooks,Male
569,Jack,Davis,Male
570,Paula,Ortiz,Female
571,Heather,Smith,Female
572,Heather,Fisher,Female
573,Teresa,Jones,Female
574,Ruth,Sullivan,Female
575,Sharon,Boyd,Female
576,Sean,Peters,Male
577,Julie,Vasquez,Female
578,Frank,Campbell,Male
579,Billy,Barnes,Male
580,Thomas,Frazier,Male
581,Mildred,Mcdonald,Female
582,Steven,Morgan,Male
583,Gloria,West,Female
584,Bruce,Rodriguez,Male
585,Julia,Russell,Female
586,Nicholas,Parker,Male
587,Rose,Anderson,Female
588,Jerry,Baker,Male
589,Brenda,Henderson,Female
590,Maria,Morgan,Female
591,Clarence,Rodriguez,Male
592,Catherine,Scott,Female
593,Kimberly,Mccoy,Female
594,Janet,Harper,Female
595,Eric,Matthews,Male
596,Marie,Stephens,Female
597,Deborah,Rodriguez,Female
598,Brenda,Gilbert,Female
599,Mark,Mendoza,Male
600,Russell,Harvey,Male
601,Keith,Kim,Male
602,Paul,Palmer,Male
603,Stephanie,Green,Female
604,Patrick,Fowler,Male
605,Keith,Stevens,Male
606,Ruth,Brooks,Female
607,Lillian,Graham,Female
608,Janet,Garcia,Female
609,Terry,Chavez,Male
610,Jesse,Flores,Male
611,Shawn,Hall,Male
612,Ryan,Lawrence,Male
613,Nicole,Brooks,Female
614,Gregory,Hunt,Male
615,Michelle,Gray,Female
616,Gerald,Alvarez,Male
617,Bobby,Berry,Male
618,Louis,Griffin,Male
619,Philip,Reid,Male
620,Donna,Wright,Female
621,Ann,Russell,Female
622,Jeremy,Perkins,Male
623,Judith,Gonzales,Female
624,Irene,Moore,Female
625,Jacqueline,Alexander,Female
626,Bonnie,Fuller,Female
627,Helen,Cole,Female
628,Stephanie,Garrett,Female
629,Joshua,Ellis,Male
630,Donald,Robinson,Male
631,Donald,Burns,Male
632,Nancy,Hayes,Female
633,Keith,Foster,Male
634,Andrea,Jacobs,Female
635,Rebecca,Lawrence,Female
636,Aaron,Greene,Male
637,Ralph,Sanchez,Male
638,Rebecca,Long,Female
639,Joyce,Washington,Female
640,Shirley,Gilbert,Female
641,Brian,Carter,Male
642,Virginia,Fisher,Female
643,Phillip,Freeman,Male
644,Douglas,Torres,Male
645,Clarence,Warren,Male
646,Paula,Bishop,Female
647,Diane,Harvey,Female
648,Kathy,Kelley,Female
649,Helen,Garrett,Female
650,Lisa,Jackson,Female
651,Russell,Thomas,Male
652,Bonnie,Sims,Female
653,Tina,Greene,Female
654,Nicholas,Hill,Male
655,Joseph,Gilbert,Male
656,Willie,Gibson,Male
657,Tammy,Rogers,Female
658,Rachel,Mendoza,Female
659,Martin,James,Male
660,Adam,Gomez,Male
661,Antonio,Pierce,Male
662,Mildred,Gonzales,Female
663,Eugene,Mitchell,Male
664,Mark,Riley,Male
665,Peter,Ellis,Male
666,Jesse,Johnson,Male
667,Julie,Flores,Female
668,Donna,Mcdonald,Female
669,Paula,Bowman,Female
670,Stephanie,Clark,Female
671,Chris,Sims,Male
672,Lori,Wagner,Female
673,Jean,Gray,Female
674,Douglas,Stone,Male
675,Antonio,Payne,Male
676,Mark,Kelly,Male
677,Deborah,Marshall,Female
678,Antonio,Powell,Male
679,Kevin,Castillo,Male
680,Peter,Mcdonald,Male
681,Michelle,Gutierrez,Female
682,Eugene,Harvey,Male
683,Kathryn,Martin,Female
684,Gerald,Cox,Male
685,Annie,Kelley,Female
686,Philip,Cox,Male
687,Frank,Bishop,Male
688,Jean,Medina,Female
689,Marilyn,Carroll,Female
690,Carlos,Miller,Male
691,Catherine,Garza,Female
692,Randy,Ross,Male
693,Shirley,Duncan,Female
694,David,Stewart,Male
695,Scott,Mccoy,Male
696,Carl,Ruiz,Male
697,Paula,Banks,Female
698,Jonathan,Willis,Male
699,Christine,Frazier,Female
700,Diana,Duncan,Female
701,Melissa,George,Female
702,Frank,Ward,Male
703,Frances,Gonzales,Female
704,Russell,Ramirez,Male
705,Craig,Myers,Male
706,Gerald,Harrison,Male
707,Kelly,Armstrong,Female
708,John,Mason,Male
709,Jimmy,Bowman,Male
710,Christopher,Miller,Male
711,David,Henderson,Male
712,Helen,Andrews,Female
713,Sharon,Hayes,Female
714,Linda,Martinez,Female
715,Billy,Harrison,Male
716,David,Kelley,Male
717,Bobby,Harris,Male
718,Phillip,Castillo,Male
719,Aaron,Perry,Male
720,Nicole,Rodriguez,Female
721,Louis,Sullivan,Male
722,Amanda,Hughes,Female
723,Gregory,Lopez,Male
724,Heather,Boyd,Female
725,Aaron,Morris,Male
726,Lois,Owens,Female
727,Mark,Mason,Male
728,Clarence,Clark,Male
729,Carolyn,Bowman,Female
730,Ann,Kennedy,Female
731,Lisa,Howard,Female
732,Angela,Long,Female
733,Fred,Wheeler,Male
734,Sara,Baker,Female
735,Carol,Griffin,Female
736,Cheryl,Cunningham,Female
737,Daniel,Reed,Male
738,Sandra,Reyes,Female
739,Ralph,Webb,Male
740,Brandon,Lane,Male
741,William,Gordon,Male
742,Joan,Harvey,Female
743,Frank,Henry,Male
744,Billy,Wright,Male
745,Linda,Chapman,Female
746,Judy,Jones,Female
747,Rose,Bradley,Female
748,Sharon,Lawson,Female
749,Jessica,Frazier,Female
750,Teresa,Stone,Female
751,Joshua,Burke,Male
752,Louis,Bailey,Male
753,Juan,Smith,Male
754,Charles,Chapman,Male
755,Jeffrey,Hansen,Male
756,Marilyn,Ellis,Female
757,Kathryn,Gomez,Female
758,Rebecca,Duncan,Female
759,Janet,Bradley,Female
760,Robin,Ellis,Female
761,James,Russell,Male
762,Dennis,Wagner,Male
763,Ann,Marshall,Female
764,Wayne,Garcia,Male
765,Billy,Lee,Male
766,Keith,Edwards,Male
767,Todd,Williams,Male
768,Daniel,Brooks,Male
769,Karen,Hall,Female
770,Robert,Lynch,Male
771,Ruth,Cruz,Female
772,Carol,Bishop,Female
773,Ruby,Schmidt,Female
774,Juan,Harris,Male
775,Heather,Coleman,Female
776,Kevin,Shaw,Male
777,Judith,Gordon,Female
778,David,Lewis,Male
779,Bruce,Marshall,Male
780,Harold,Peterson,Male
781,Steven,Smith,Male
782,Martin,Moreno,Male
783,Martin,Marshall,Male
784,Scott,Chavez,Male
785,Tammy,Brooks,Female
786,Frances,Ford,Female
787,Katherine,Schmidt,Female
788,Ralph,Ferguson,Male
789,William,Robinson,Male
790,Teresa,Lewis,Female
791,Stephen,Hicks,Male
792,Albert,Meyer,Male
793,Louise,Hughes,Female
794,Kimberly,Jones,Female
795,Gloria,Myers,Female
796,Eric,Medina,Male
797,Fred,Castillo,Male
798,Cynthia,Miller,Female
799,Tina,Vasquez,Female
800,Phillip,Freeman,Male
801,Bobby,Baker,Male
802,Margaret,Robinson,Female
803,Albert,Howard,Male
804,Brian,Reed,Male
805,Jesse,Arnold,Male
806,Donald,Cox,Male
807,David,Hayes,Male
808,Eric,Robertson,Male
809,Ann,Alvarez,Female
810,Michael,Hill,Male
811,Rebecca,Williams,Female
812,Jonathan,Davis,Male
813,Julia,Shaw,Female
814,James,Coleman,Male
815,Harry,Howell,Male
816,Raymond,Fisher,Male
817,Frances,Price,Female
818,Billy,Reyes,Male
819,Henry,Ford,Male
820,Terry,Medina,Male
821,Beverly,Lee,Female
822,Jack,Bowman,Male
823,Roger,Cunningham,Male
824,Eric,Cook,Male
825,Heather,Nguyen,Female
826,Russell,West,Male
827,Donna,Reed,Female
828,John,Stevens,Male
829,Steven,Alvarez,Male
830,Walter,Price,Male
831,Roger,Olson,Male
832,Eric,Crawford,Male
833,Stephanie,Stone,Female
834,Judy,Cook,Female
835,Patrick,Wells,Male
836,Sharon,Riley,Female
837,Russell,Griffin,Male
838,Diana,Hudson,Female
839,Jesse,Rogers,Male
840,Martha,Fox,Female
841,Paul,Young,Male
842,Bobby,Chavez,Male
843,Carol,Dean,Female
844,Janet,Woods,Female
845,Patrick,Sullivan,Male
846,Anna,Carroll,Female
847,Todd,Bishop,Male
848,Ernest,Rodriguez,Male
849,Heather,Greene,Female
850,Paul,Johnson,Male
851,Jack,Ferguson,Male
852,Betty,Powell,Female
853,Terry,Stone,Male
854,Paul,Peters,Male
855,Charles,Nelson,Male
856,Virginia,Cook,Female
857,Gloria,Black,Female
858,Steven,James,Male
859,Johnny,Fuller,Male
860,Andrew,Daniels,Male
861,Maria,Garcia,Female
862,Beverly,Holmes,Female
863,Pamela,Franklin,Female
864,Brandon,Bryant,Male
865,Billy,Jacobs,Male
866,Irene,Hawkins,Female
867,Alice,Anderson,Female
868,Steven,Hayes,Male
869,Alice,Fox,Female
870,Patrick,Howell,Male
871,Eugene,Griffin,Male
872,William,Adams,Male
873,Karen,Hamilton,Female
874,Sara,Lynch,Female
875,Teresa,Harrison,Female
876,Pamela,Nichols,Female
877,Roy,Hanson,Male
878,Jessica,Ferguson,Female
879,Shirley,Carpenter,Female
880,Betty,Young,Female
881,Lisa,Simpson,Female
882,Harry,Bell,Male
883,Dennis,Cox,Male
884,Harold,Mitchell,Male
885,Steven,Martin,Male
886,Randy,Stanley,Male
887,Amy,Kelley,Female
888,Mary,Sanders,Female
889,Peter,Burke,Male
890,Laura,Alexander,Female
891,Ryan,Stephens,Male
892,Christine,Gordon,Female
893,Richard,Morgan,Male
894,Gregory,Fox,Male
895,Justin,Rice,Male
896,Jean,Hanson,Female
897,Debra,Matthews,Female
898,Jerry,Price,Male
899,Laura,Turner,Female
900,Lori,Ross,Female
901,Judith,Palmer,Female
902,Kathryn,Dean,Female
903,Joshua,Bennett,Male
904,Evelyn,Jackson,Female
905,Janet,Spencer,Female
906,Lori,Harris,Female
907,Kathleen,Jones,Female
908,Phyllis,Ramirez,Female
909,Harry,Fernandez,Male
910,Charles,James,Male
911,Kathryn,Ray,Female
912,Aaron,Murray,Male
913,Mildred,Mitchell,Female
914,Theresa,Harper,Female
915,James,Ray,Male
916,Martin,Harrison,Male
917,Wayne,Reynolds,Male
918,Philip,Fisher,Male
919,Robin,Murray,Female
920,Judith,Sullivan,Female
921,Theresa,Montgomery,Female
922,Charles,Carter,Male
923,Kenneth,Hunter,Male
924,Gloria,Myers,Female
925,Louis,Simpson,Male
926,Jacqueline,Hughes,Female
927,George,Peters,Male
928,Jack,Lee,Male
929,Philip,Kelly,Male
930,Brenda,Green,Female
931,Russell,Elliott,Male
932,Lawrence,Diaz,Male
933,Laura,White,Female
934,Russell,Kelley,Male
935,Kathleen,Williamson,Female
936,Lisa,Montgomery,Female
937,Sara,Lee,Female
938,Howard,Foster,Male
939,Alan,Fisher,Male
940,Heather,Franklin,Female
941,Cynthia,Powell,Female
942,Thomas,Austin,Male
943,Paula,Jackson,Female
944,Earl,Ross,Male
945,Phillip,Morrison,Male
946,Wayne,Lawson,Male
947,Jacqueline,Clark,Female
948,Kenneth,Spencer,Male
949,Terry,Oliver,Male
950,Nicholas,Hansen,Male
951,Stephanie,Frazier,Female
952,Charles,Dixon,Male
953,Craig,Stewart,Male
954,Julie,Flores,Female
955,Jerry,Dean,Male
956,Andrew,Kelley,Male
957,Shawn,Spencer,Male
958,Ruth,Gilbert,Female
959,Adam,Franklin,Male
960,George,Russell,Male
961,Richard,Stanley,Male
962,Albert,Martin,Male
963,Janice,Taylor,Female
964,Tammy,Owens,Female
965,Sharon,Kim,Female
966,Jimmy,Roberts,Male
967,Rachel,Welch,Female
968,Timothy,Sanchez,Male
969,Cynthia,Olson,Female
970,Dorothy,Kim,Female
971,Janice,Freeman,Female
972,Jeremy,Black,Male
973,Kathryn,Chavez,Female
974,Teresa,Torres,Female
975,Dorothy,Wright,Female
976,Denise,Murphy,Female
977,James,Young,Male
978,Pamela,Allen,Female
979,Roger,Jones,Male
980,Joyce,Wells,Female
981,Martha,Gordon,Female
982,Denise,Lawrence,Female
983,Marilyn,Moore,Female
984,Carol,Welch,Female
985,Ernest,Brown,Male
986,Irene,Watkins,Female
987,Kelly,Gomez,Female
988,Diana,Richards,Female
989,Bobby,Wood,Male
990,Jack,Wheeler,Male
991,Bruce,Burke,Male
992,Katherine,Reyes,Female
993,Frank,Sanders,Male
994,Heather,Howard,Female
995,Lori,Johnston,Female
996,Susan,Henderson,Female
997,Ashley,Little,Female
998,Steven,Tucker,Male
999,Elizabeth,Jenkins,Female
1000,Denise,Stanley,Female
